<?xml version = '1.0' encoding = 'UTF-8'?>
<relationalModel class="oracle.dbtools.crest.model.design.relational.RelationalDesign" name="Relational_1" id="C904D026-F0C5-37A4-3716-2D877CF965B2" mainViewID="FE1F78F2-42C5-DAA7-E357-416F1A771469">
<createdBy>Inelin</createdBy>
<createdTime>2018-11-04 12:50:17 UTC</createdTime>
<ownerDesignName>sport_oracle</ownerDesignName>
<shouldBeOpen>false</shouldBeOpen>
<selectedRDBMSSite>32076570-2523-435C-2E92-BF29817DFF70</selectedRDBMSSite>
</relationalModel>