{"Zone 1": ["New Zealand"], "Zone 2": ["China"], "Zone 3": ["Hong Kong", "India", "Indonesia", "Japan", "Korea - Republic Of", "Malaysia", "Singapore", "Taiwan - Province Of China", "Thailand", "Vietnam"], "Zone 4": ["Canada", "United States"], "Zone 5": ["Brunei Darussalam", "Cambodia", "Cook Islands", "Fiji", "French Polynesia", "Lao People's Democratic Republic", "Myanmar", "Nauru", "Nepal", "New Caledonia", "Pakistan", "Papua New Guinea", "Philippines", "Samoa", "Solomon Islands", "Sri Lanka", "Tonga", "Vanuatu"], "Zone 6": ["Ireland", "United Kingdom"], "Zone 7": ["France", "Germany", "Italy", "Netherlands", "Norway", "Spain", "Sweden", "Switzerland"], "Zone 8": ["Austria", "Belgium", "Brazil", "Croatia", "Cyprus", "Czech Republic", "Denmark", "Estonia", "Finland", "Greece", "Hungary", "Macedonia - The Former Yugoslav Republic Of", "Malta", "Poland", "Portugal", "Romania", "Russian Federation", "Serbia", "Slovenia", "South Africa", "Turkey", "Ukraine"], "Zone 9": ["Arab Emirates", "Argentina", "Bahrain", "Chile", "Iran - Islamic Republic Of", "Israel", "Kenya", "Kuwait", "Mauritius", "Mexico", "Nigeria", "Peru", "Qatar", "Saudi Arabia"]}